date,vaccine,total_vaccinations
2021-01-12,Moderna,3835859
2021-01-12,Pfizer/BioNTech,5488697
2021-01-13,Moderna,4249795
2021-01-13,Pfizer/BioNTech,6025872
2021-01-15,Moderna,5122662
2021-01-15,Pfizer/BioNTech,7153268
2021-01-19,Moderna,6828561
2021-01-19,Pfizer/BioNTech,8874811
2021-01-20,Moderna,7239750
2021-01-20,Pfizer/BioNTech,9281063
2021-01-21,Moderna,7724683
2021-01-21,Pfizer/BioNTech,9817027
2021-01-22,Moderna,8407909
2021-01-22,Pfizer/BioNTech,10695066
2021-01-23,Moderna,9061112
2021-01-23,Pfizer/BioNTech,11471457
2021-01-24,Moderna,9689497
2021-01-24,Pfizer/BioNTech,12153536
2021-01-25,Moderna,10084432
2021-01-25,Pfizer/BioNTech,12551999
2021-01-26,Moderna,10431466
2021-01-26,Pfizer/BioNTech,13009981
2021-01-27,Moderna,11001991
2021-01-27,Pfizer/BioNTech,13550835
2021-01-28,Moderna,11737592
2021-01-28,Pfizer/BioNTech,14355980
2021-01-29,Moderna,12619210
2021-01-29,Pfizer/BioNTech,15164858
2021-01-30,Moderna,13499942
2021-01-30,Pfizer/BioNTech,15977015
2021-01-31,Moderna,14246089
2021-01-31,Pfizer/BioNTech,16775916
2021-02-01,Moderna,14756609
2021-02-01,Pfizer/BioNTech,17364398
2021-02-02,Moderna,15006565
2021-02-02,Pfizer/BioNTech,17672866
2021-02-03,Moderna,15567188
2021-02-03,Pfizer/BioNTech,18209204
2021-02-04,Moderna,16260102
2021-02-04,Pfizer/BioNTech,18841309
2021-02-05,Moderna,17133644
2021-02-05,Pfizer/BioNTech,19582865
2021-02-06,Moderna,18336515
2021-02-06,Pfizer/BioNTech,20598212
2021-02-07,Moderna,19485089
2021-02-07,Pfizer/BioNTech,21622193
2021-02-08,Moderna,20066305
2021-02-08,Pfizer/BioNTech,22247484
2021-02-09,Moderna,20416765
2021-02-09,Pfizer/BioNTech,22685406
2021-02-10,Moderna,21189540
2021-02-10,Pfizer/BioNTech,23475749
2021-02-11,Moderna,22038088
2021-02-11,Pfizer/BioNTech,24246868
2021-02-12,Moderna,23111715
2021-02-12,Pfizer/BioNTech,25192628
2021-02-13,Moderna,24297615
2021-02-13,Pfizer/BioNTech,26237417
2021-02-14,Moderna,25505313
2021-02-14,Pfizer/BioNTech,27271797
2021-02-16,Moderna,26738383
2021-02-16,Pfizer/BioNTech,28374410
2021-02-17,Moderna,27287041
2021-02-17,Pfizer/BioNTech,28886690
2021-02-18,Moderna,28043413
2021-02-18,Pfizer/BioNTech,29585627
2021-02-19,Moderna,29044336
2021-02-19,Pfizer/BioNTech,30431247
2021-02-20,Moderna,29909492
2021-02-20,Pfizer/BioNTech,31270062
2021-02-21,Moderna,30747615
2021-02-21,Pfizer/BioNTech,32232422
2021-02-22,Moderna,31212925
2021-02-22,Pfizer/BioNTech,32853883
2021-02-23,Moderna,31569021
2021-02-23,Pfizer/BioNTech,33352170
2021-02-24,Moderna,32194245
2021-02-24,Pfizer/BioNTech,34159027
2021-02-25,Moderna,33066503
2021-02-25,Pfizer/BioNTech,35095003
2021-02-26,Moderna,34181226
2021-02-26,Pfizer/BioNTech,36159403
2021-02-27,Moderna,35422721
2021-02-27,Pfizer/BioNTech,37269195
2021-02-28,Moderna,36694414
2021-02-28,Pfizer/BioNTech,38426567
2021-03-01,Moderna,37522293
2021-03-01,Pfizer/BioNTech,39262524
2021-03-02,Moderna,38319678
2021-03-02,Pfizer/BioNTech,40196532
2021-03-03,Moderna,39248180
2021-03-03,Pfizer/BioNTech,41175807
2021-03-04,Moderna,40261524
2021-03-04,Pfizer/BioNTech,42193285
2021-03-05,Moderna,41507728
2021-03-05,Pfizer/BioNTech,43373717
2021-03-06,Moderna,42977312
2021-03-06,Pfizer/BioNTech,44774584
2021-03-07,Moderna,44195607
2021-03-07,Pfizer/BioNTech,45932122
2021-03-08,Johnson&Johnson,208590
2021-03-08,Moderna,44936695
2021-03-08,Pfizer/BioNTech,46824290
2021-03-09,Johnson&Johnson,308181
2021-03-09,Moderna,45635740
2021-03-09,Pfizer/BioNTech,47628226
2021-03-10,Johnson&Johnson,458911
2021-03-10,Moderna,46535646
2021-03-10,Pfizer/BioNTech,48605159
2021-03-11,Johnson&Johnson,638469
2021-03-11,Moderna,47733656
2021-03-11,Pfizer/BioNTech,49708920
2021-03-12,Johnson&Johnson,873726
2021-03-12,Moderna,49169578
2021-03-12,Pfizer/BioNTech,50960400
2021-03-13,Johnson&Johnson,1189207
2021-03-13,Moderna,51292130
2021-03-13,Pfizer/BioNTech,53096054
2021-03-14,Johnson&Johnson,1273958
2021-03-14,Moderna,51951820
2021-03-14,Pfizer/BioNTech,53708091
2021-03-15,Johnson&Johnson,1428465
2021-03-15,Moderna,52883263
2021-03-15,Pfizer/BioNTech,54643581
2021-03-16,Johnson&Johnson,1569675
2021-03-16,Moderna,53647312
2021-03-16,Pfizer/BioNTech,55393141
2021-03-17,Johnson&Johnson,1766131
2021-03-17,Moderna,54643195
2021-03-17,Pfizer/BioNTech,56499018
2021-03-18,Johnson&Johnson,1911052
2021-03-18,Moderna,55811286
2021-03-18,Pfizer/BioNTech,57876875
2021-03-19,Johnson&Johnson,2025349
2021-03-19,Moderna,56941640
2021-03-19,Pfizer/BioNTech,59214724
2021-03-20,Johnson&Johnson,2163681
2021-03-20,Moderna,58294583
2021-03-20,Pfizer/BioNTech,60849627
2021-03-21,Johnson&Johnson,2298614
2021-03-21,Moderna,59518840
2021-03-21,Pfizer/BioNTech,62529418
2021-03-22,Johnson&Johnson,2406337
2021-03-22,Moderna,60275003
2021-03-22,Pfizer/BioNTech,63693721
2021-03-23,Johnson&Johnson,2489153
2021-03-23,Moderna,60913292
2021-03-23,Pfizer/BioNTech,64679659
2021-03-24,Johnson&Johnson,2622182
2021-03-24,Moderna,61719260
2021-03-24,Pfizer/BioNTech,65995871
2021-03-25,Johnson&Johnson,2734367
2021-03-25,Moderna,62877755
2021-03-25,Pfizer/BioNTech,67555076
2021-03-26,Johnson&Johnson,2863246
2021-03-26,Moderna,64313721
2021-03-26,Pfizer/BioNTech,69368232
2021-03-27,Johnson&Johnson,2982453
2021-03-27,Moderna,65811340
2021-03-27,Pfizer/BioNTech,71246219
2021-03-28,Johnson&Johnson,3090712
2021-03-28,Moderna,67249447
2021-03-28,Pfizer/BioNTech,72981111
2021-03-29,Johnson&Johnson,3155418
2021-03-29,Moderna,68177850
2021-03-29,Pfizer/BioNTech,74338025
2021-03-30,Johnson&Johnson,3215657
2021-03-30,Moderna,68858013
2021-03-30,Pfizer/BioNTech,75386890
2021-03-31,Johnson&Johnson,3307113
2021-03-31,Moderna,69930956
2021-03-31,Pfizer/BioNTech,76891912
2021-04-01,Johnson&Johnson,3429880
2021-04-01,Moderna,71338865
2021-04-01,Pfizer/BioNTech,78717917
2021-04-02,Johnson&Johnson,3617377
2021-04-02,Moderna,72997571
2021-04-02,Pfizer/BioNTech,80845236
2021-04-03,Johnson&Johnson,3840647
2021-04-03,Moderna,74713387
2021-04-03,Pfizer/BioNTech,82986550
2021-04-04,Johnson&Johnson,4054089
2021-04-04,Moderna,76038933
2021-04-04,Pfizer/BioNTech,84810406
2021-04-05,Johnson&Johnson,4204015
2021-04-05,Moderna,76791212
2021-04-05,Pfizer/BioNTech,86041963
2021-04-06,Johnson&Johnson,4299901
2021-04-06,Moderna,77285350
2021-04-06,Pfizer/BioNTech,86855993
2021-04-07,Johnson&Johnson,4544552
2021-04-07,Moderna,78315776
2021-04-07,Pfizer/BioNTech,88463874
2021-04-08,Johnson&Johnson,4917225
2021-04-08,Moderna,79551820
2021-04-08,Pfizer/BioNTech,90256586
2021-04-09,Johnson&Johnson,5382365
2021-04-09,Moderna,80944104
2021-04-09,Pfizer/BioNTech,92355733
2021-04-10,Johnson&Johnson,5972101
2021-04-10,Moderna,82622178
2021-04-10,Pfizer/BioNTech,94715143
2021-04-11,Johnson&Johnson,6453740
2021-04-11,Moderna,83847244
2021-04-11,Pfizer/BioNTech,96586783
2021-04-12,Johnson&Johnson,6859877
2021-04-12,Moderna,84694388
2021-04-12,Pfizer/BioNTech,97978125
2021-04-13,Johnson&Johnson,7233726
2021-04-13,Moderna,85435687
2021-04-13,Pfizer/BioNTech,99453295
2021-04-14,Johnson&Johnson,7517671
2021-04-14,Moderna,86221076
2021-04-14,Pfizer/BioNTech,100891617
2021-04-15,Johnson&Johnson,7736781
2021-04-15,Moderna,87539652
2021-04-15,Pfizer/BioNTech,102877491
2021-04-16,Johnson&Johnson,7848027
2021-04-16,Moderna,89199649
2021-04-16,Pfizer/BioNTech,105070417
2021-04-17,Johnson&Johnson,7902746
2021-04-17,Moderna,90718986
2021-04-17,Pfizer/BioNTech,107083884
2021-04-18,Johnson&Johnson,7935549
2021-04-18,Moderna,92181455
2021-04-18,Pfizer/BioNTech,109122092
2021-04-19,Johnson&Johnson,7949021
2021-04-19,Moderna,93002433
2021-04-19,Pfizer/BioNTech,110461905
2021-04-20,Johnson&Johnson,7961251
2021-04-20,Moderna,93672874
2021-04-20,Pfizer/BioNTech,111585824
2021-04-21,Johnson&Johnson,7993255
2021-04-21,Moderna,94684047
2021-04-21,Pfizer/BioNTech,113104771
2021-04-22,Johnson&Johnson,8018365
2021-04-22,Moderna,95913701
2021-04-22,Pfizer/BioNTech,114844028
2021-04-23,Johnson&Johnson,8040727
2021-04-23,Moderna,97353734
2021-04-23,Pfizer/BioNTech,116754631
2021-04-24,Johnson&Johnson,8058239
2021-04-24,Moderna,98778973
2021-04-24,Pfizer/BioNTech,118628496
2021-04-25,Johnson&Johnson,8079863
2021-04-25,Moderna,100031926
2021-04-25,Pfizer/BioNTech,120373717
2021-04-26,Johnson&Johnson,8087269
2021-04-26,Moderna,100830533
2021-04-26,Pfizer/BioNTech,121674501
2021-04-27,Johnson&Johnson,8097650
2021-04-27,Moderna,101463903
2021-04-27,Pfizer/BioNTech,122669679
2021-04-28,Johnson&Johnson,8124392
2021-04-28,Moderna,102356935
2021-04-28,Pfizer/BioNTech,123980028
2021-04-29,Johnson&Johnson,8166410
2021-04-29,Moderna,103474188
2021-04-29,Pfizer/BioNTech,125540172
2021-04-30,Johnson&Johnson,8231139
2021-04-30,Moderna,104613893
2021-04-30,Pfizer/BioNTech,127133399
2021-05-01,Johnson&Johnson,8318546
2021-05-01,Moderna,105947940
2021-05-01,Pfizer/BioNTech,129013657
2021-05-02,Johnson&Johnson,8374395
2021-05-02,Moderna,106780082
2021-05-02,Pfizer/BioNTech,130252779
2021-05-03,Johnson&Johnson,8409505
2021-05-03,Moderna,107155797
2021-05-03,Pfizer/BioNTech,131030537
2021-05-04,Johnson&Johnson,8449067
2021-05-04,Moderna,107477821
2021-05-04,Pfizer/BioNTech,131657484
2021-05-05,Johnson&Johnson,8516437
2021-05-05,Moderna,108142826
2021-05-05,Pfizer/BioNTech,132721153
2021-05-06,Johnson&Johnson,8627243
2021-05-06,Moderna,109041458
2021-05-06,Pfizer/BioNTech,134116885
2021-05-07,Johnson&Johnson,8739657
2021-05-07,Moderna,110124671
2021-05-07,Pfizer/BioNTech,135725061
2021-05-08,Johnson&Johnson,8844369
2021-05-08,Moderna,111094349
2021-05-08,Pfizer/BioNTech,137216849
2021-05-09,Johnson&Johnson,8933802
2021-05-09,Moderna,111933191
2021-05-09,Pfizer/BioNTech,138657097
2021-05-10,Johnson&Johnson,9038423
2021-05-10,Moderna,112529278
2021-05-10,Pfizer/BioNTech,139838655
2021-05-11,Johnson&Johnson,9188411
2021-05-11,Moderna,112990115
2021-05-11,Pfizer/BioNTech,140760689
2021-05-12,Johnson&Johnson,9266062
2021-05-12,Moderna,113582961
2021-05-12,Pfizer/BioNTech,141636737
2021-05-13,Johnson&Johnson,9352742
2021-05-13,Moderna,114354242
2021-05-13,Pfizer/BioNTech,142692755
2021-05-14,Johnson&Johnson,9431604
2021-05-14,Moderna,115127784
2021-05-14,Pfizer/BioNTech,143680891
2021-05-15,Johnson&Johnson,9558399
2021-05-15,Moderna,116066454
2021-05-15,Pfizer/BioNTech,145007116
2021-05-16,Johnson&Johnson,9637126
2021-05-16,Moderna,116798390
2021-05-16,Pfizer/BioNTech,146288690
2021-05-17,Johnson&Johnson,9697720
2021-05-17,Moderna,117247242
2021-05-17,Pfizer/BioNTech,147265442
2021-05-18,Johnson&Johnson,9751200
2021-05-18,Moderna,117620781
2021-05-18,Pfizer/BioNTech,147961277
2021-05-19,Johnson&Johnson,9836616
2021-05-19,Moderna,118181211
2021-05-19,Pfizer/BioNTech,149068615
2021-05-20,Johnson&Johnson,9944636
2021-05-20,Moderna,118904886
2021-05-20,Pfizer/BioNTech,150342238
2021-05-21,Johnson&Johnson,10051548
2021-05-21,Moderna,119668669
2021-05-21,Pfizer/BioNTech,151668003
2021-05-22,Johnson&Johnson,10163242
2021-05-22,Moderna,120493252
2021-05-22,Pfizer/BioNTech,153075845
2021-05-23,Johnson&Johnson,10265423
2021-05-23,Moderna,121125577
2021-05-23,Pfizer/BioNTech,154119424
2021-05-24,Johnson&Johnson,10323402
2021-05-24,Moderna,121500687
2021-05-24,Pfizer/BioNTech,154856445
2021-05-25,Johnson&Johnson,10381859
2021-05-25,Moderna,121801185
2021-05-25,Pfizer/BioNTech,155394989
2021-05-26,Johnson&Johnson,10463078
2021-05-26,Moderna,122339269
2021-05-26,Pfizer/BioNTech,156197160
2021-05-27,Johnson&Johnson,10539494
2021-05-27,Moderna,122947136
2021-05-27,Pfizer/BioNTech,157023465
2021-05-28,Johnson&Johnson,10621136
2021-05-28,Moderna,123479196
2021-05-28,Pfizer/BioNTech,157783315
2021-05-29,Johnson&Johnson,10710816
2021-05-29,Moderna,124067556
2021-05-29,Pfizer/BioNTech,158708623
2021-05-30,Johnson&Johnson,10776617
2021-05-30,Moderna,124520914
2021-05-30,Pfizer/BioNTech,159412031
2021-06-01,Johnson&Johnson,10858664
2021-06-01,Moderna,125016707
2021-06-01,Pfizer/BioNTech,160309262
2021-06-02,Johnson&Johnson,10889478
2021-06-02,Moderna,125201557
2021-06-02,Pfizer/BioNTech,160601395
2021-06-03,Johnson&Johnson,10939901
2021-06-03,Moderna,125508313
2021-06-03,Pfizer/BioNTech,161050513
2021-06-04,Johnson&Johnson,11014773
2021-06-04,Moderna,125990795
2021-06-04,Pfizer/BioNTech,161890897
2021-06-05,Johnson&Johnson,11077735
2021-06-05,Moderna,126359399
2021-06-05,Pfizer/BioNTech,162606119
2021-06-06,Johnson&Johnson,11143068
2021-06-06,Moderna,126756059
2021-06-06,Pfizer/BioNTech,163512789
2021-06-07,Johnson&Johnson,11194685
2021-06-07,Moderna,127058512
2021-06-07,Pfizer/BioNTech,164371746
2021-06-08,Johnson&Johnson,11245388
2021-06-08,Moderna,127310797
2021-06-08,Pfizer/BioNTech,165140239
2021-06-09,Johnson&Johnson,11296014
2021-06-09,Moderna,127513151
2021-06-09,Pfizer/BioNTech,165715523
2021-06-10,Johnson&Johnson,11346781
2021-06-10,Moderna,127759347
2021-06-10,Pfizer/BioNTech,166351326
2021-06-11,Johnson&Johnson,11383522
2021-06-11,Moderna,127990366
2021-06-11,Pfizer/BioNTech,166905188
2021-06-12,Johnson&Johnson,11457011
2021-06-12,Moderna,128444425
2021-06-12,Pfizer/BioNTech,167978845
2021-06-13,Johnson&Johnson,11517956
2021-06-13,Moderna,128785935
2021-06-13,Pfizer/BioNTech,168784549
2021-06-14,Johnson&Johnson,11606202
2021-06-14,Moderna,129191765
2021-06-14,Pfizer/BioNTech,169612045
2021-06-15,Johnson&Johnson,11666437
2021-06-15,Moderna,129501089
2021-06-15,Pfizer/BioNTech,170482950
2021-06-16,Johnson&Johnson,11714877
2021-06-16,Moderna,129788011
2021-06-16,Pfizer/BioNTech,171175575
2021-06-17,Johnson&Johnson,11812739
2021-06-17,Moderna,130359975
2021-06-17,Pfizer/BioNTech,172556760
2021-06-18,Johnson&Johnson,11871036
2021-06-18,Moderna,130656013
2021-06-18,Pfizer/BioNTech,173280164
2021-06-19,Johnson&Johnson,11931392
2021-06-19,Moderna,130974892
2021-06-19,Pfizer/BioNTech,173968342
2021-06-20,Johnson&Johnson,11986595
2021-06-20,Moderna,131213452
2021-06-20,Pfizer/BioNTech,174521867
2021-06-21,Johnson&Johnson,12015721
2021-06-21,Moderna,131372107
2021-06-21,Pfizer/BioNTech,174943983
2021-06-22,Johnson&Johnson,12047571
2021-06-22,Moderna,131557233
2021-06-22,Pfizer/BioNTech,175373929
2021-06-23,Johnson&Johnson,12090161
2021-06-23,Moderna,131761409
2021-06-23,Pfizer/BioNTech,175773690
2021-06-24,Johnson&Johnson,12139564
2021-06-24,Moderna,132013506
2021-06-24,Pfizer/BioNTech,176285416
2021-06-25,Johnson&Johnson,12169305
2021-06-25,Moderna,132058604
2021-06-25,Pfizer/BioNTech,176721071
2021-06-26,Johnson&Johnson,12213560
2021-06-26,Moderna,132335894
2021-06-26,Pfizer/BioNTech,177321630
2021-06-27,Johnson&Johnson,12256008
2021-06-27,Moderna,132647393
2021-06-27,Pfizer/BioNTech,178171003
2021-06-28,Johnson&Johnson,12291007
2021-06-28,Moderna,132904311
2021-06-28,Pfizer/BioNTech,178965469
2021-06-29,Johnson&Johnson,12322817
2021-06-29,Moderna,133089082
2021-06-29,Pfizer/BioNTech,179486976
2021-06-30,Johnson&Johnson,12405746
2021-06-30,Moderna,133514868
2021-06-30,Pfizer/BioNTech,180344997
2021-07-01,Johnson&Johnson,12470439
2021-07-01,Moderna,134076668
2021-07-01,Pfizer/BioNTech,181347436
2021-07-02,Johnson&Johnson,12510528
2021-07-02,Moderna,134263339
2021-07-02,Pfizer/BioNTech,181776100
2021-07-03,Johnson&Johnson,12581723
2021-07-03,Moderna,134627563
2021-07-03,Pfizer/BioNTech,182499540
2021-07-04,Johnson&Johnson,12617454
2021-07-04,Moderna,134803711
2021-07-04,Pfizer/BioNTech,182920075
2021-07-06,Johnson&Johnson,12646604
2021-07-06,Moderna,134973241
2021-07-06,Pfizer/BioNTech,183331181
2021-07-07,Johnson&Johnson,12668885
2021-07-07,Moderna,135107053
2021-07-07,Pfizer/BioNTech,183611750
2021-07-08,Johnson&Johnson,12708959
2021-07-08,Moderna,135297225
2021-07-08,Pfizer/BioNTech,184073920
2021-07-09,Johnson&Johnson,12751618
2021-07-09,Moderna,135477905
2021-07-09,Pfizer/BioNTech,184469317
2021-07-10,Johnson&Johnson,12791315
2021-07-10,Moderna,135643064
2021-07-10,Pfizer/BioNTech,184861169
2021-07-11,Johnson&Johnson,12825967
2021-07-11,Moderna,135804688
2021-07-11,Pfizer/BioNTech,185249718
2021-07-12,Johnson&Johnson,12850062
2021-07-12,Moderna,135916829
2021-07-12,Pfizer/BioNTech,185562235
2021-07-13,Johnson&Johnson,12869516
2021-07-13,Moderna,136001959
2021-07-13,Pfizer/BioNTech,185798639
2021-07-14,Johnson&Johnson,12905099
2021-07-14,Moderna,136180712
2021-07-14,Pfizer/BioNTech,186127467
2021-07-15,Johnson&Johnson,12936594
2021-07-15,Moderna,136332425
2021-07-15,Pfizer/BioNTech,186509204
2021-07-16,Johnson&Johnson,12966602
2021-07-16,Moderna,136483277
2021-07-16,Pfizer/BioNTech,186875936
2021-07-17,Johnson&Johnson,13003099
2021-07-17,Moderna,136648062
2021-07-17,Pfizer/BioNTech,187306773
2021-07-18,Johnson&Johnson,13026794
2021-07-18,Moderna,136777777
2021-07-18,Pfizer/BioNTech,187652680
2021-07-19,Johnson&Johnson,13046033
2021-07-19,Moderna,136915879
2021-07-19,Pfizer/BioNTech,188001345
2021-07-20,Johnson&Johnson,13060192
2021-07-20,Moderna,136952878
2021-07-20,Pfizer/BioNTech,188194066
2021-07-21,Johnson&Johnson,13092976
2021-07-21,Moderna,137121107
2021-07-21,Pfizer/BioNTech,188601917
2021-07-22,Johnson&Johnson,13126443
2021-07-22,Moderna,137291239
2021-07-22,Pfizer/BioNTech,189056672
2021-07-23,Johnson&Johnson,13158442
2021-07-23,Moderna,137451139
2021-07-23,Pfizer/BioNTech,189462460
2021-07-24,Johnson&Johnson,13191298
2021-07-24,Moderna,137610667
2021-07-24,Pfizer/BioNTech,189943803
2021-07-25,Johnson&Johnson,13228307
2021-07-25,Moderna,137826515
2021-07-25,Pfizer/BioNTech,190468171
2021-07-26,Johnson&Johnson,13242865
2021-07-26,Moderna,137928681
2021-07-26,Pfizer/BioNTech,190744361
2021-07-27,Johnson&Johnson,13257878
2021-07-27,Moderna,138031642
2021-07-27,Pfizer/BioNTech,191021446
2021-07-28,Johnson&Johnson,13293282
2021-07-28,Moderna,138257663
2021-07-28,Pfizer/BioNTech,191510953
2021-07-29,Johnson&Johnson,13329001
2021-07-29,Moderna,138456874
2021-07-29,Pfizer/BioNTech,191983572
2021-07-30,Johnson&Johnson,13371560
2021-07-30,Moderna,138692320
2021-07-30,Pfizer/BioNTech,192560134
2021-07-31,Johnson&Johnson,13408923
2021-07-31,Moderna,138883719
2021-07-31,Pfizer/BioNTech,193041050
2021-08-01,Johnson&Johnson,13446195
2021-08-01,Moderna,139105757
2021-08-01,Pfizer/BioNTech,193596180
2021-08-02,Johnson&Johnson,13464026
2021-08-02,Moderna,139225808
2021-08-02,Pfizer/BioNTech,193925677
2021-08-03,Johnson&Johnson,13479802
2021-08-03,Moderna,139335403
2021-08-03,Pfizer/BioNTech,194252771
2021-08-04,Johnson&Johnson,13515943
2021-08-04,Moderna,139513845
2021-08-04,Pfizer/BioNTech,194761251
2021-08-05,Johnson&Johnson,13557377
2021-08-05,Moderna,139742533
2021-08-05,Pfizer/BioNTech,195351697
2021-08-06,Johnson&Johnson,13596515
2021-08-06,Moderna,139969467
2021-08-06,Pfizer/BioNTech,195903754
2021-08-07,Johnson&Johnson,13639573
2021-08-07,Moderna,140189704
2021-08-07,Pfizer/BioNTech,196477868
2021-08-08,Johnson&Johnson,13674107
2021-08-08,Moderna,140388709
2021-08-08,Pfizer/BioNTech,197016306
2021-08-09,Johnson&Johnson,13691100
2021-08-09,Moderna,140520517
2021-08-09,Pfizer/BioNTech,197399471
2021-08-10,Johnson&Johnson,13711856
2021-08-10,Moderna,140678574
2021-08-10,Pfizer/BioNTech,197837608
2021-08-11,Johnson&Johnson,13746323
2021-08-11,Moderna,140845833
2021-08-11,Pfizer/BioNTech,198288731
2021-08-12,Johnson&Johnson,13784136
2021-08-12,Moderna,141011089
2021-08-12,Pfizer/BioNTech,198736053
2021-08-13,Johnson&Johnson,13823462
2021-08-13,Moderna,141231218
2021-08-13,Pfizer/BioNTech,199392855
2021-08-14,Johnson&Johnson,13865764
2021-08-14,Moderna,141484707
2021-08-14,Pfizer/BioNTech,200086401
2021-08-15,Johnson&Johnson,13892386
2021-08-15,Moderna,141656626
2021-08-15,Pfizer/BioNTech,200551649
2021-08-16,Johnson&Johnson,13921901
2021-08-16,Moderna,141882801
2021-08-16,Pfizer/BioNTech,201153708
2021-08-17,Johnson&Johnson,13940856
2021-08-17,Moderna,142042199
2021-08-17,Pfizer/BioNTech,201577973
2021-08-18,Johnson&Johnson,13973354
2021-08-18,Moderna,142239152
2021-08-18,Pfizer/BioNTech,202051500
2021-08-19,Johnson&Johnson,14011758
2021-08-19,Moderna,142536887
2021-08-19,Pfizer/BioNTech,202736783
2021-08-20,Johnson&Johnson,14050126
2021-08-20,Moderna,142827859
2021-08-20,Pfizer/BioNTech,203416431
2021-08-21,Johnson&Johnson,14099089
2021-08-21,Moderna,143147929
2021-08-21,Pfizer/BioNTech,204095863
2021-08-22,Johnson&Johnson,14130274
2021-08-22,Moderna,143433946
2021-08-22,Pfizer/BioNTech,204750908
2021-08-23,Johnson&Johnson,14144305
2021-08-23,Moderna,143604049
2021-08-23,Pfizer/BioNTech,205176686
2021-08-24,Johnson&Johnson,14160458
2021-08-24,Moderna,143785747
2021-08-24,Pfizer/BioNTech,205626564
2021-08-25,Johnson&Johnson,14195895
2021-08-25,Moderna,144036513
2021-08-25,Pfizer/BioNTech,206265542
2021-08-26,Johnson&Johnson,14230266
2021-08-26,Moderna,144290127
2021-08-26,Pfizer/BioNTech,206901538
2021-08-27,Johnson&Johnson,14265931
2021-08-27,Moderna,144578104
2021-08-27,Pfizer/BioNTech,207646621
2021-08-28,Johnson&Johnson,14301768
2021-08-28,Moderna,144863997
2021-08-28,Pfizer/BioNTech,208396423
2021-08-29,Johnson&Johnson,14330970
2021-08-29,Moderna,145108915
2021-08-29,Pfizer/BioNTech,209073174
2021-08-30,Johnson&Johnson,14345660
2021-08-30,Moderna,145280750
2021-08-30,Pfizer/BioNTech,209579682
2021-08-31,Johnson&Johnson,14358641
2021-08-31,Moderna,145447491
2021-08-31,Pfizer/BioNTech,210054512
2021-09-01,Johnson&Johnson,14392613
2021-09-01,Moderna,145736021
2021-09-01,Pfizer/BioNTech,210798052
2021-09-02,Johnson&Johnson,14420976
2021-09-02,Moderna,145967563
2021-09-02,Pfizer/BioNTech,211373074
2021-09-03,Johnson&Johnson,14460971
2021-09-03,Moderna,146379359
2021-09-03,Pfizer/BioNTech,212319148
2021-09-04,Johnson&Johnson,14492832
2021-09-04,Moderna,146657321
2021-09-04,Pfizer/BioNTech,212979842
2021-09-07,Johnson&Johnson,14531824
2021-09-07,Moderna,147054366
2021-09-07,Pfizer/BioNTech,214049719
2021-09-08,Johnson&Johnson,14553296
2021-09-08,Moderna,147324654
2021-09-08,Pfizer/BioNTech,214716553
2021-09-09,Johnson&Johnson,14582801
2021-09-09,Moderna,147523191
2021-09-09,Pfizer/BioNTech,215153880
2021-09-10,Johnson&Johnson,14613451
2021-09-10,Moderna,147791051
2021-09-10,Pfizer/BioNTech,215801105
2021-09-11,Johnson&Johnson,14643267
2021-09-11,Moderna,148045563
2021-09-11,Pfizer/BioNTech,216417387
2021-09-12,Johnson&Johnson,14667381
2021-09-12,Moderna,148255720
2021-09-12,Pfizer/BioNTech,216951668
2021-09-13,Johnson&Johnson,14681798
2021-09-13,Moderna,148418837
2021-09-13,Pfizer/BioNTech,217363615
2021-09-14,Johnson&Johnson,14696874
2021-09-14,Moderna,148591187
2021-09-14,Pfizer/BioNTech,217796918
2021-09-15,Johnson&Johnson,14723114
2021-09-15,Moderna,148847705
2021-09-15,Pfizer/BioNTech,218353396
2021-09-16,Johnson&Johnson,14750931
2021-09-16,Moderna,149044965
2021-09-16,Pfizer/BioNTech,218872070
2021-09-17,Johnson&Johnson,14781084
2021-09-17,Moderna,149319792
2021-09-17,Pfizer/BioNTech,219521437
2021-09-18,Johnson&Johnson,14812351
2021-09-18,Moderna,149586411
2021-09-18,Pfizer/BioNTech,220137971
2021-09-19,Johnson&Johnson,14837004
2021-09-19,Moderna,149772779
2021-09-19,Pfizer/BioNTech,220600691
2021-09-20,Johnson&Johnson,14850165
2021-09-20,Moderna,149941346
2021-09-20,Pfizer/BioNTech,221070020
2021-09-21,Johnson&Johnson,14863714
2021-09-21,Moderna,150094768
2021-09-21,Pfizer/BioNTech,221445415
2021-09-22,Moderna,150295981
2021-09-22,Pfizer/BioNTech,221929245
2021-09-23,Johnson&Johnson,14876579
2021-09-23,Moderna,150415654
2021-09-23,Pfizer/BioNTech,222148207
2021-09-24,Johnson&Johnson,14900349
2021-09-24,Moderna,150619059
2021-09-24,Pfizer/BioNTech,222663971
2021-09-25,Johnson&Johnson,14925576
2021-09-25,Moderna,150832560
2021-09-25,Pfizer/BioNTech,223228392
2021-09-26,Johnson&Johnson,14942698
2021-09-26,Moderna,151000534
2021-09-26,Pfizer/BioNTech,223782867
2021-09-27,Johnson&Johnson,14950507
2021-09-27,Moderna,151102564
2021-09-27,Pfizer/BioNTech,224223342
2021-09-28,Johnson&Johnson,14954307
2021-09-28,Moderna,151150063
2021-09-28,Pfizer/BioNTech,224659347
2021-09-29,Johnson&Johnson,14977044
2021-09-29,Moderna,151310851
2021-09-29,Pfizer/BioNTech,225313214
2021-09-30,Johnson&Johnson,15000326
2021-09-30,Moderna,151481614
2021-09-30,Pfizer/BioNTech,226033301
2021-10-01,Johnson&Johnson,15022960
2021-10-01,Moderna,151622624
2021-10-01,Pfizer/BioNTech,226714560
2021-10-02,Johnson&Johnson,15047364
2021-10-02,Moderna,151796711
2021-10-02,Pfizer/BioNTech,227447588
2021-10-03,Johnson&Johnson,15065673
2021-10-03,Moderna,151965988
2021-10-03,Pfizer/BioNTech,228504095
2021-10-04,Johnson&Johnson,15073515
2021-10-04,Moderna,152089746
2021-10-04,Pfizer/BioNTech,229356695
2021-10-05,Johnson&Johnson,15087687
2021-10-05,Moderna,152207170
2021-10-05,Pfizer/BioNTech,230023148
2021-10-06,Johnson&Johnson,15107206
2021-10-06,Moderna,152371218
2021-10-06,Pfizer/BioNTech,230795097
2021-10-07,Johnson&Johnson,15126616
2021-10-07,Moderna,152505315
2021-10-07,Pfizer/BioNTech,231516893
2021-10-08,Johnson&Johnson,15145348
2021-10-08,Moderna,152657055
2021-10-08,Pfizer/BioNTech,232461866
2021-10-09,Johnson&Johnson,15178784
2021-10-09,Moderna,152840025
2021-10-09,Pfizer/BioNTech,233393286
2021-10-12,Johnson&Johnson,15208784
2021-10-12,Moderna,153091886
2021-10-12,Pfizer/BioNTech,234867451
2021-10-13,Johnson&Johnson,15225611
2021-10-13,Moderna,153216702
2021-10-13,Pfizer/BioNTech,235518908
2021-10-14,Johnson&Johnson,15250730
2021-10-14,Moderna,153369108
2021-10-14,Pfizer/BioNTech,236409595
2021-10-15,Johnson&Johnson,15278936
2021-10-15,Moderna,153548987
2021-10-15,Pfizer/BioNTech,237325727
2021-10-16,Johnson&Johnson,15298169
2021-10-16,Moderna,153681390
2021-10-16,Pfizer/BioNTech,238048239
2021-10-17,Johnson&Johnson,15313732
2021-10-17,Moderna,153795531
2021-10-17,Pfizer/BioNTech,238736184
2021-10-18,Johnson&Johnson,15322713
2021-10-18,Moderna,153865158
2021-10-18,Pfizer/BioNTech,239189084
2021-10-19,Johnson&Johnson,15336709
2021-10-19,Moderna,153970330
2021-10-19,Pfizer/BioNTech,239709996
2021-10-20,Johnson&Johnson,15353873
2021-10-20,Moderna,154087303
2021-10-20,Pfizer/BioNTech,240324759
2021-10-21,Johnson&Johnson,15371265
2021-10-21,Moderna,154219584
2021-10-21,Pfizer/BioNTech,240994970
2021-10-22,Johnson&Johnson,15393747
2021-10-22,Moderna,154369262
2021-10-22,Pfizer/BioNTech,241772516
2021-10-23,Johnson&Johnson,15415408
2021-10-23,Moderna,154526345
2021-10-23,Pfizer/BioNTech,242485197
2021-10-24,Johnson&Johnson,15432695
2021-10-24,Moderna,154735646
2021-10-24,Pfizer/BioNTech,243046759
2021-10-25,Johnson&Johnson,15444234
2021-10-25,Moderna,154980294
2021-10-25,Pfizer/BioNTech,243447128
2021-10-26,Johnson&Johnson,15457247
2021-10-26,Moderna,155267673
2021-10-26,Pfizer/BioNTech,243856565
2021-10-27,Johnson&Johnson,15486250
2021-10-27,Moderna,155799040
2021-10-27,Pfizer/BioNTech,244436832
2021-10-28,Johnson&Johnson,15521154
2021-10-28,Moderna,156602727
2021-10-28,Pfizer/BioNTech,245237611
2021-10-29,Johnson&Johnson,15549336
2021-10-29,Moderna,157205236
2021-10-29,Pfizer/BioNTech,245831871
2021-10-30,Johnson&Johnson,15594341
2021-10-30,Moderna,158053763
2021-10-30,Pfizer/BioNTech,246573186
2021-10-31,Johnson&Johnson,15632926
2021-10-31,Moderna,158772903
2021-10-31,Pfizer/BioNTech,247226364
2021-11-01,Johnson&Johnson,15657802
2021-11-01,Moderna,159264439
2021-11-01,Pfizer/BioNTech,247644758
2021-11-02,Johnson&Johnson,15684476
2021-11-02,Moderna,159747250
2021-11-02,Pfizer/BioNTech,248071961
2021-11-03,Johnson&Johnson,15725873
2021-11-03,Moderna,160450092
2021-11-03,Pfizer/BioNTech,248655677
2021-11-04,Johnson&Johnson,15774846
2021-11-04,Moderna,161206881
2021-11-04,Pfizer/BioNTech,249302522
2021-11-05,Johnson&Johnson,15827858
2021-11-05,Moderna,161885137
2021-11-05,Pfizer/BioNTech,249839661
2021-11-06,Johnson&Johnson,15876019
2021-11-06,Moderna,162648210
2021-11-06,Pfizer/BioNTech,250435837
2021-11-07,Johnson&Johnson,15917693
2021-11-07,Moderna,163390613
2021-11-07,Pfizer/BioNTech,251090534
2021-11-08,Johnson&Johnson,15944839
2021-11-08,Moderna,163930600
2021-11-08,Pfizer/BioNTech,251645451
2021-11-09,Johnson&Johnson,15973618
2021-11-09,Moderna,164395658
2021-11-09,Pfizer/BioNTech,252338508
2021-11-10,Johnson&Johnson,16015198
2021-11-10,Moderna,164985307
2021-11-10,Pfizer/BioNTech,253035590
2021-11-12,Johnson&Johnson,16094232
2021-11-12,Moderna,166271061
2021-11-12,Pfizer/BioNTech,254532491
2021-11-13,Johnson&Johnson,16135268
2021-11-13,Moderna,167010749
2021-11-13,Pfizer/BioNTech,255432746
2021-11-14,Johnson&Johnson,16169549
2021-11-14,Moderna,167679443
2021-11-14,Pfizer/BioNTech,256253584
2021-11-15,Johnson&Johnson,16200158
2021-11-15,Moderna,168242391
2021-11-15,Pfizer/BioNTech,257105458
2021-11-16,Johnson&Johnson,16233985
2021-11-16,Moderna,168812041
2021-11-16,Pfizer/BioNTech,257869920
2021-11-17,Johnson&Johnson,16274660
2021-11-17,Moderna,169412238
2021-11-17,Pfizer/BioNTech,258642454
2021-11-18,Johnson&Johnson,16312826
2021-11-18,Moderna,170102986
2021-11-18,Pfizer/BioNTech,259373312
2021-11-19,Johnson&Johnson,16357570
2021-11-19,Moderna,170858487
2021-11-19,Pfizer/BioNTech,260476713
2021-11-20,Johnson&Johnson,16405286
2021-11-20,Moderna,171663254
2021-11-20,Pfizer/BioNTech,261421616
2021-11-21,Moderna,172316148
2021-11-21,Pfizer/BioNTech,262228410
2021-11-22,Pfizer/BioNTech,262914388
2021-11-23,Johnson&Johnson,16435004
2021-11-23,Moderna,172792190
2021-11-23,Pfizer/BioNTech,263010518
2021-11-24,Johnson&Johnson,16488220
2021-11-24,Moderna,173461121
2021-11-24,Pfizer/BioNTech,264025943
2021-11-29,Johnson&Johnson,16597641
2021-11-29,Moderna,175430932
2021-11-29,Pfizer/BioNTech,266730650
2021-11-30,Johnson&Johnson,16631251
2021-11-30,Moderna,176026339
2021-11-30,Pfizer/BioNTech,267639715
2021-12-01,Johnson&Johnson,16671481
2021-12-01,Moderna,176594175
2021-12-01,Pfizer/BioNTech,268520407
2021-12-02,Johnson&Johnson,16720690
2021-12-02,Moderna,177388926
2021-12-02,Pfizer/BioNTech,269856321
2021-12-03,Johnson&Johnson,16770397
2021-12-03,Moderna,178149886
2021-12-03,Pfizer/BioNTech,270946361
2021-12-04,Johnson&Johnson,16822204
2021-12-04,Moderna,178978980
2021-12-04,Pfizer/BioNTech,272232377
2021-12-05,Johnson&Johnson,16863349
2021-12-05,Moderna,179679243
2021-12-05,Pfizer/BioNTech,273270797
2021-12-06,Johnson&Johnson,16888006
2021-12-06,Moderna,180171419
2021-12-06,Pfizer/BioNTech,274156276
2021-12-07,Johnson&Johnson,16918762
2021-12-07,Moderna,180717034
2021-12-07,Pfizer/BioNTech,275121905
2021-12-08,Johnson&Johnson,16979979
2021-12-08,Moderna,181774966
2021-12-08,Pfizer/BioNTech,276485648
2021-12-09,Johnson&Johnson,17020935
2021-12-09,Moderna,182451675
2021-12-09,Pfizer/BioNTech,277472166
2021-12-10,Johnson&Johnson,17100985
2021-12-10,Moderna,183628648
2021-12-10,Pfizer/BioNTech,279344831
2021-12-11,Johnson&Johnson,17152271
2021-12-11,Moderna,184422633
2021-12-11,Pfizer/BioNTech,280625893
2021-12-12,Johnson&Johnson,17185562
2021-12-12,Moderna,184989803
2021-12-12,Pfizer/BioNTech,281519334
2021-12-13,Johnson&Johnson,17206942
2021-12-13,Moderna,185388911
2021-12-13,Pfizer/BioNTech,282267391
2021-12-14,Johnson&Johnson,17233475
2021-12-14,Moderna,185831223
2021-12-14,Pfizer/BioNTech,283012348
2021-12-15,Johnson&Johnson,17272247
2021-12-15,Moderna,186454785
2021-12-15,Pfizer/BioNTech,284069934
2021-12-16,Johnson&Johnson,17311789
2021-12-16,Moderna,187111796
2021-12-16,Pfizer/BioNTech,285106254
2021-12-17,Johnson&Johnson,17355211
2021-12-17,Moderna,187823886
2021-12-17,Pfizer/BioNTech,286210683
2021-12-18,Johnson&Johnson,17394753
2021-12-18,Moderna,188491220
2021-12-18,Pfizer/BioNTech,287241895
2021-12-19,Johnson&Johnson,17422358
2021-12-19,Moderna,189052448
2021-12-19,Pfizer/BioNTech,288121540
2021-12-20,Johnson&Johnson,17438700
2021-12-20,Moderna,189469043
2021-12-20,Pfizer/BioNTech,288825557
2021-12-21,Johnson&Johnson,17454967
2021-12-21,Moderna,189874761
2021-12-21,Pfizer/BioNTech,289538081
2021-12-22,Johnson&Johnson,17484608
2021-12-22,Moderna,190503920
2021-12-22,Pfizer/BioNTech,290516041
2021-12-23,Johnson&Johnson,17501026
2021-12-23,Moderna,190891698
2021-12-23,Pfizer/BioNTech,291318945
2021-12-27,Johnson&Johnson,17554817
2021-12-27,Moderna,192130887
2021-12-27,Pfizer/BioNTech,293282214
2021-12-28,Johnson&Johnson,17576911
2021-12-28,Moderna,192687290
2021-12-28,Pfizer/BioNTech,294235928
2021-12-29,Johnson&Johnson,17596594
2021-12-29,Moderna,193162645
2021-12-29,Pfizer/BioNTech,295020731
2021-12-30,Johnson&Johnson,17613846
2021-12-30,Moderna,193650993
2021-12-30,Pfizer/BioNTech,295858234
2022-01-04,Johnson&Johnson,17695795
2022-01-04,Moderna,195491908
2022-01-04,Pfizer/BioNTech,298939402
2022-01-05,Johnson&Johnson,17716925
2022-01-05,Moderna,195913748
2022-01-05,Pfizer/BioNTech,299669968
2022-01-06,Johnson&Johnson,17739932
2022-01-06,Moderna,196396103
2022-01-06,Pfizer/BioNTech,300486092
2022-01-07,Johnson&Johnson,17766224
2022-01-07,Moderna,196913814
2022-01-07,Pfizer/BioNTech,301374353
2022-01-08,Johnson&Johnson,17791472
2022-01-08,Moderna,197421313
2022-01-08,Pfizer/BioNTech,302264632
2022-01-09,Johnson&Johnson,17813479
2022-01-09,Moderna,197880486
2022-01-09,Pfizer/BioNTech,303096481
2022-01-10,Johnson&Johnson,17825224
2022-01-10,Moderna,198147329
2022-01-10,Pfizer/BioNTech,303648263
2022-01-11,Johnson&Johnson,17840058
2022-01-11,Moderna,198474153
2022-01-11,Pfizer/BioNTech,304296783
2022-01-12,Johnson&Johnson,17863666
2022-01-12,Moderna,198923979
2022-01-12,Pfizer/BioNTech,305145563
2022-01-13,Johnson&Johnson,17898271
2022-01-13,Moderna,199602389
2022-01-13,Pfizer/BioNTech,306241653
2022-01-14,Johnson&Johnson,17923089
2022-01-14,Moderna,200069287
2022-01-14,Pfizer/BioNTech,307152951
2022-01-15,Johnson&Johnson,17946980
2022-01-15,Moderna,200505745
2022-01-15,Pfizer/BioNTech,307985354
2022-01-18,Johnson&Johnson,17983383
2022-01-18,Moderna,201270697
2022-01-18,Pfizer/BioNTech,309550180
2022-01-19,Johnson&Johnson,18002501
2022-01-19,Moderna,201632233
2022-01-19,Pfizer/BioNTech,310332802
2022-01-20,Johnson&Johnson,18065529
2022-01-20,Moderna,202127731
2022-01-20,Pfizer/BioNTech,311207242
2022-01-21,Johnson&Johnson,18083356
2022-01-21,Moderna,202447054
2022-01-21,Pfizer/BioNTech,311853421
2022-01-22,Johnson&Johnson,18102634
2022-01-22,Moderna,202786593
2022-01-22,Pfizer/BioNTech,312558129
2022-01-23,Johnson&Johnson,18114786
2022-01-23,Moderna,203024478
2022-01-23,Pfizer/BioNTech,313000963
2022-01-24,Johnson&Johnson,18125164
2022-01-24,Moderna,203235552
2022-01-24,Pfizer/BioNTech,313477739
2022-01-25,Pfizer/BioNTech,314236020
2022-01-27,Johnson&Johnson,18128738
2022-01-27,Moderna,203409636
2022-01-27,Pfizer/BioNTech,314361546
2022-01-28,Johnson&Johnson,18143188
2022-01-28,Moderna,203671645
2022-01-28,Pfizer/BioNTech,314951464
2022-01-29,Johnson&Johnson,18158364
2022-01-29,Moderna,203923765
2022-01-29,Pfizer/BioNTech,315530213
2022-01-30,Johnson&Johnson,18170391
2022-01-30,Moderna,204143412
2022-01-30,Pfizer/BioNTech,316041356
2022-01-31,Johnson&Johnson,18177294
2022-01-31,Moderna,204294985
2022-01-31,Pfizer/BioNTech,316390082
2022-02-01,Johnson&Johnson,18185440
2022-02-01,Moderna,204454132
2022-02-01,Pfizer/BioNTech,316805846
2022-02-02,Johnson&Johnson,18198400
2022-02-02,Moderna,204662169
2022-02-02,Pfizer/BioNTech,317292439
2022-02-03,Johnson&Johnson,18215099
2022-02-03,Moderna,204895468
2022-02-03,Pfizer/BioNTech,317821532
2022-02-04,Johnson&Johnson,18224294
2022-02-04,Moderna,205042012
2022-02-04,Pfizer/BioNTech,318253687
2022-02-05,Johnson&Johnson,18236540
2022-02-05,Moderna,205249215
2022-02-05,Pfizer/BioNTech,318708588
2022-02-06,Johnson&Johnson,18246402
2022-02-06,Moderna,205409451
2022-02-06,Pfizer/BioNTech,319082480
2022-02-07,Johnson&Johnson,18251579
2022-02-07,Moderna,205513590
2022-02-07,Pfizer/BioNTech,319372364
2022-02-08,Johnson&Johnson,18258796
2022-02-08,Moderna,205656808
2022-02-08,Pfizer/BioNTech,319741177
2022-02-09,Johnson&Johnson,18271861
2022-02-09,Moderna,205846147
2022-02-09,Pfizer/BioNTech,320170914
2022-02-10,Johnson&Johnson,18283801
2022-02-10,Moderna,206059690
2022-02-10,Pfizer/BioNTech,320648278
2022-02-11,Johnson&Johnson,18291136
2022-02-11,Moderna,206210837
2022-02-11,Pfizer/BioNTech,320993225
2022-02-12,Johnson&Johnson,18303071
2022-02-12,Moderna,206408407
2022-02-12,Pfizer/BioNTech,321425596
2022-02-13,Johnson&Johnson,18311163
2022-02-13,Moderna,206546389
2022-02-13,Pfizer/BioNTech,321764021
2022-02-14,Johnson&Johnson,18315842
2022-02-14,Moderna,206634275
2022-02-14,Pfizer/BioNTech,322007571
2022-02-15,Johnson&Johnson,18324679
2022-02-15,Moderna,206773482
2022-02-15,Pfizer/BioNTech,322361145
2022-02-16,Johnson&Johnson,18333611
2022-02-16,Moderna,206922312
2022-02-16,Pfizer/BioNTech,322645077
2022-02-17,Johnson&Johnson,18344998
2022-02-17,Moderna,207086539
2022-02-17,Pfizer/BioNTech,323010581
2022-02-18,Johnson&Johnson,18356283
2022-02-18,Moderna,207245487
2022-02-18,Pfizer/BioNTech,323324047
2022-02-19,Johnson&Johnson,18367598
2022-02-19,Moderna,207402708
2022-02-19,Pfizer/BioNTech,323674221
2022-02-22,Johnson&Johnson,18382490
2022-02-22,Moderna,207669266
2022-02-22,Pfizer/BioNTech,324376921
2022-02-23,Johnson&Johnson,18391970
2022-02-23,Moderna,207794259
2022-02-23,Pfizer/BioNTech,324688496
2022-02-24,Johnson&Johnson,18400637
2022-02-24,Moderna,207943834
2022-02-24,Pfizer/BioNTech,325012738
2022-02-25,Johnson&Johnson,18407172
2022-02-25,Moderna,208030542
2022-02-25,Pfizer/BioNTech,325087755
2022-02-26,Johnson&Johnson,18429439
2022-02-26,Moderna,208170728
2022-02-26,Pfizer/BioNTech,325425139
2022-02-28,Johnson&Johnson,18439105
2022-02-28,Moderna,208322621
2022-02-28,Pfizer/BioNTech,325815143
2022-03-01,Johnson&Johnson,18443204
2022-03-01,Moderna,208399875
2022-03-01,Pfizer/BioNTech,326031904
2022-03-02,Johnson&Johnson,18455620
2022-03-02,Moderna,208524117
2022-03-02,Pfizer/BioNTech,326294469
2022-03-03,Johnson&Johnson,18462519
2022-03-03,Moderna,208633913
2022-03-03,Pfizer/BioNTech,326566951
2022-03-04,Johnson&Johnson,18469549
2022-03-04,Moderna,208751907
2022-03-04,Pfizer/BioNTech,326804328
2022-03-05,Johnson&Johnson,18476837
2022-03-05,Moderna,208857265
2022-03-05,Pfizer/BioNTech,327026546
2022-03-06,Johnson&Johnson,18481200
2022-03-06,Moderna,208926394
2022-03-06,Pfizer/BioNTech,327196595
2022-03-07,Johnson&Johnson,18484091
2022-03-07,Moderna,208999627
2022-03-07,Pfizer/BioNTech,327340259
2022-03-08,Johnson&Johnson,18488808
2022-03-08,Moderna,209072328
2022-03-08,Pfizer/BioNTech,327525429
2022-03-09,Johnson&Johnson,18495800
2022-03-09,Moderna,209158440
2022-03-09,Pfizer/BioNTech,327733589
2022-03-10,Johnson&Johnson,18504711
2022-03-10,Moderna,209255002
2022-03-10,Pfizer/BioNTech,327981443
2022-03-11,Johnson&Johnson,18505183
2022-03-11,Moderna,209282354
2022-03-11,Pfizer/BioNTech,328097533
2022-03-12,Johnson&Johnson,18511808
2022-03-12,Moderna,209384574
2022-03-12,Pfizer/BioNTech,328367251
2022-03-13,Johnson&Johnson,18516633
2022-03-13,Moderna,209440962
2022-03-13,Pfizer/BioNTech,328507974
2022-03-14,Johnson&Johnson,18519052
2022-03-14,Moderna,209481825
2022-03-14,Pfizer/BioNTech,328622521
2022-03-15,Moderna,209552990
2022-03-15,Pfizer/BioNTech,328815528
2022-03-16,Moderna,209620610
2022-03-16,Pfizer/BioNTech,328978180
2022-03-17,Moderna,209695291
2022-03-17,Pfizer/BioNTech,329154571
2022-03-18,Moderna,209762865
2022-03-18,Pfizer/BioNTech,329298296
2022-03-19,Moderna,209836197
2022-03-19,Pfizer/BioNTech,329463476
2022-03-20,Moderna,209886918
2022-03-20,Pfizer/BioNTech,329586959
2022-03-21,Pfizer/BioNTech,329682053
2022-03-22,Johnson&Johnson,18520111
2022-03-22,Moderna,209888388
2022-03-22,Pfizer/BioNTech,329719828
2022-03-23,Johnson&Johnson,18526124
2022-03-23,Moderna,209962688
2022-03-23,Pfizer/BioNTech,329907144
2022-03-24,Johnson&Johnson,18542865
2022-03-24,Moderna,210060559
2022-03-24,Pfizer/BioNTech,330115030
2022-03-25,Johnson&Johnson,18547119
2022-03-25,Moderna,210121170
2022-03-25,Pfizer/BioNTech,330243493
2022-03-26,Johnson&Johnson,18553138
2022-03-26,Moderna,210206085
2022-03-26,Pfizer/BioNTech,330420307
2022-03-27,Johnson&Johnson,18557893
2022-03-27,Moderna,210254140
2022-03-27,Pfizer/BioNTech,330534759
2022-03-28,Johnson&Johnson,18559777
2022-03-28,Moderna,210281861
2022-03-28,Pfizer/BioNTech,330607980
2022-03-29,Johnson&Johnson,18563903
2022-03-29,Moderna,210341785
2022-03-29,Pfizer/BioNTech,330748673
2022-03-30,Johnson&Johnson,18570195
2022-03-30,Moderna,210417177
2022-03-30,Pfizer/BioNTech,330903027
2022-03-31,Johnson&Johnson,18581654
2022-03-31,Moderna,210561666
2022-03-31,Pfizer/BioNTech,331150614
2022-04-01,Johnson&Johnson,18585443
2022-04-01,Moderna,210694003
2022-04-01,Pfizer/BioNTech,331363417
2022-04-02,Johnson&Johnson,18590415
2022-04-02,Moderna,210891645
2022-04-02,Pfizer/BioNTech,331645510
2022-04-03,Johnson&Johnson,18593986
2022-04-03,Moderna,211069153
2022-04-03,Pfizer/BioNTech,331889314
2022-04-04,Johnson&Johnson,18596102
2022-04-04,Moderna,211212181
2022-04-04,Pfizer/BioNTech,332094076
2022-04-05,Johnson&Johnson,18599938
2022-04-05,Moderna,211419985
2022-04-05,Pfizer/BioNTech,332381918
2022-04-06,Johnson&Johnson,18603274
2022-04-06,Moderna,211577562
2022-04-06,Pfizer/BioNTech,332676450
2022-04-07,Johnson&Johnson,18608511
2022-04-07,Moderna,211826208
2022-04-07,Pfizer/BioNTech,333028736
2022-04-08,Johnson&Johnson,18616237
2022-04-08,Moderna,212072520
2022-04-08,Pfizer/BioNTech,333346274
2022-04-09,Johnson&Johnson,18621412
2022-04-09,Moderna,212326438
2022-04-09,Pfizer/BioNTech,333676070
2022-04-10,Johnson&Johnson,18624625
2022-04-10,Moderna,212514135
2022-04-10,Pfizer/BioNTech,333920088
2022-04-11,Johnson&Johnson,18627134
2022-04-11,Moderna,212662875
2022-04-11,Pfizer/BioNTech,334116607
2022-04-12,Johnson&Johnson,18632236
2022-04-12,Moderna,212902665
2022-04-12,Pfizer/BioNTech,334457018
2022-04-13,Johnson&Johnson,18638661
2022-04-13,Moderna,213157104
2022-04-13,Pfizer/BioNTech,334851638
2022-04-14,Moderna,213420181
2022-04-14,Pfizer/BioNTech,335211371
2022-04-15,Johnson&Johnson,18640686
2022-04-15,Moderna,213642288
2022-04-15,Pfizer/BioNTech,335486821
2022-04-17,Johnson&Johnson,18651114
2022-04-17,Moderna,214090322
2022-04-17,Pfizer/BioNTech,336110489
2022-04-18,Johnson&Johnson,18652610
2022-04-18,Moderna,214191561
2022-04-18,Pfizer/BioNTech,336252416
2022-04-19,Johnson&Johnson,18655717
2022-04-19,Moderna,214389071
2022-04-19,Pfizer/BioNTech,336519915
2022-04-20,Johnson&Johnson,18658700
2022-04-20,Moderna,214544808
2022-04-20,Pfizer/BioNTech,336733418
2022-04-21,Johnson&Johnson,18667082
2022-04-21,Moderna,214838341
2022-04-21,Pfizer/BioNTech,337149475
2022-04-23,Johnson&Johnson,18675064
2022-04-23,Moderna,215267780
2022-04-23,Pfizer/BioNTech,337691560
2022-04-24,Johnson&Johnson,18678603
2022-04-24,Moderna,215441941
2022-04-24,Pfizer/BioNTech,337925080
2022-04-25,Johnson&Johnson,18680233
2022-04-25,Moderna,215533577
2022-04-25,Pfizer/BioNTech,338066044
2022-04-26,Johnson&Johnson,18683465
2022-04-26,Moderna,215886365
2022-04-26,Pfizer/BioNTech,338462489
2022-04-27,Johnson&Johnson,18687801
2022-04-27,Moderna,216176131
2022-04-27,Pfizer/BioNTech,338817094
2022-04-29,Johnson&Johnson,18698642
2022-04-29,Moderna,216613745
2022-04-29,Pfizer/BioNTech,339391558
2022-04-30,Johnson&Johnson,18703265
2022-04-30,Moderna,216827616
2022-04-30,Pfizer/BioNTech,339679887
2022-05-01,Johnson&Johnson,18706597
2022-05-01,Moderna,216993256
2022-05-01,Pfizer/BioNTech,339892644
2022-05-02,Johnson&Johnson,18710595
2022-05-02,Moderna,217094546
2022-05-02,Pfizer/BioNTech,340041803
2022-05-03,Johnson&Johnson,18714926
2022-05-03,Moderna,217319038
2022-05-03,Pfizer/BioNTech,340349558
2022-05-04,Johnson&Johnson,18719731
2022-05-04,Moderna,217473916
2022-05-04,Pfizer/BioNTech,340555503
2022-05-05,Johnson&Johnson,18724225
2022-05-05,Moderna,217673796
2022-05-05,Pfizer/BioNTech,340886777
2022-05-06,Johnson&Johnson,18726155
2022-05-06,Moderna,217838273
2022-05-06,Pfizer/BioNTech,341120660
2022-05-07,Johnson&Johnson,18731178
2022-05-07,Moderna,218042080
2022-05-07,Pfizer/BioNTech,341391637
2022-05-08,Johnson&Johnson,18734485
2022-05-08,Moderna,218165790
2022-05-08,Pfizer/BioNTech,341568304
2022-05-09,Johnson&Johnson,18735773
2022-05-09,Moderna,218252430
2022-05-09,Pfizer/BioNTech,341692309
2022-05-10,Johnson&Johnson,18738925
2022-05-10,Moderna,218431517
2022-05-10,Pfizer/BioNTech,341952524
2022-05-12,Johnson&Johnson,18740901
2022-05-12,Moderna,218799948
2022-05-12,Pfizer/BioNTech,342409868
2022-05-13,Johnson&Johnson,18741939
2022-05-13,Moderna,218972615
2022-05-13,Pfizer/BioNTech,342636566
2022-05-14,Johnson&Johnson,18745199
2022-05-14,Moderna,219173929
2022-05-14,Pfizer/BioNTech,342891792
2022-05-15,Johnson&Johnson,18746828
2022-05-15,Moderna,219297720
2022-05-15,Pfizer/BioNTech,343060118
2022-05-16,Johnson&Johnson,18747590
2022-05-16,Moderna,219366322
2022-05-16,Pfizer/BioNTech,343161039
2022-05-17,Johnson&Johnson,18750748
2022-05-17,Moderna,219576781
2022-05-17,Pfizer/BioNTech,343453572
2022-05-18,Johnson&Johnson,18755312
2022-05-18,Moderna,219744773
2022-05-18,Pfizer/BioNTech,343689160
2022-05-19,Moderna,219930777
2022-05-19,Pfizer/BioNTech,343961862
2022-05-20,Johnson&Johnson,18758947
2022-05-20,Moderna,220048579
2022-05-20,Pfizer/BioNTech,344101246
2022-05-21,Johnson&Johnson,18763104
2022-05-21,Moderna,220258769
2022-05-21,Pfizer/BioNTech,344394956
2022-05-22,Johnson&Johnson,18764904
2022-05-22,Moderna,220380327
2022-05-22,Pfizer/BioNTech,344563764
2022-05-23,Johnson&Johnson,18765566
2022-05-23,Moderna,220440746
2022-05-23,Pfizer/BioNTech,344672021
2022-05-24,Johnson&Johnson,18768404
2022-05-24,Moderna,220671360
2022-05-24,Pfizer/BioNTech,345017856
2022-05-25,Johnson&Johnson,18771582
2022-05-25,Moderna,220822817
2022-05-25,Pfizer/BioNTech,345248627
2022-05-26,Johnson&Johnson,18776774
2022-05-26,Moderna,221058399
2022-05-26,Pfizer/BioNTech,345599101
2022-05-27,Johnson&Johnson,18780063
2022-05-27,Moderna,221249107
2022-05-27,Pfizer/BioNTech,345903502
2022-05-31,Johnson&Johnson,18784785
2022-05-31,Moderna,221575421
2022-05-31,Pfizer/BioNTech,346423663
2022-06-01,Moderna,221748670
2022-06-01,Pfizer/BioNTech,346708234
2022-06-02,Moderna,221900078
2022-06-02,Pfizer/BioNTech,346954221
2022-06-03,Johnson&Johnson,18786228
2022-06-03,Moderna,221994751
2022-06-03,Pfizer/BioNTech,347113595
2022-06-04,Johnson&Johnson,18789206
2022-06-04,Moderna,222147891
2022-06-04,Pfizer/BioNTech,347357380
2022-06-05,Johnson&Johnson,18790511
2022-06-05,Moderna,222237499
2022-06-05,Pfizer/BioNTech,347501597
2022-06-06,Moderna,222279084
2022-06-06,Pfizer/BioNTech,347580670
2022-06-07,Moderna,222431598
2022-06-07,Pfizer/BioNTech,347847846
2022-06-08,Moderna,222506191
2022-06-08,Pfizer/BioNTech,347972700
2022-06-09,Johnson&Johnson,18791038
2022-06-09,Moderna,222606034
2022-06-09,Pfizer/BioNTech,348097820
2022-06-10,Johnson&Johnson,18793348
2022-06-10,Moderna,222742789
2022-06-10,Pfizer/BioNTech,348322982
2022-06-11,Johnson&Johnson,18796212
2022-06-11,Moderna,222879133
2022-06-11,Pfizer/BioNTech,348536648
2022-06-12,Johnson&Johnson,18797670
2022-06-12,Moderna,222954084
2022-06-12,Pfizer/BioNTech,348663766
2022-06-13,Johnson&Johnson,18798117
2022-06-13,Moderna,222988591
2022-06-13,Pfizer/BioNTech,348732741
2022-06-14,Johnson&Johnson,18800097
2022-06-14,Moderna,223098104
2022-06-14,Pfizer/BioNTech,348923883
2022-06-15,Johnson&Johnson,18808976
2022-06-15,Moderna,223308265
2022-06-15,Pfizer/BioNTech,349279465
2022-06-16,Johnson&Johnson,18811735
2022-06-16,Moderna,223409934
2022-06-16,Pfizer/BioNTech,349460399
2022-06-22,Moderna,223938249
2022-06-22,Pfizer/BioNTech,350384148
2022-06-29,Johnson&Johnson,18823432
2022-06-29,Moderna,224756352
2022-06-29,Pfizer/BioNTech,352049385
2022-07-06,Moderna,225253126
2022-07-06,Pfizer/BioNTech,352959331
2022-07-13,Moderna,225820815
2022-07-13,Pfizer/BioNTech,354009502
2022-07-20,Moderna,226623424
2022-07-20,Pfizer/BioNTech,355396322
2022-07-27,Moderna,227455167
2022-07-27,Pfizer/BioNTech,356743474
2022-08-03,Johnson&Johnson,18832842
2022-08-03,Moderna,227621032
2022-08-03,Novavax,7381
2022-08-03,Pfizer/BioNTech,357149149
2022-08-10,Johnson&Johnson,18845464
2022-08-10,Moderna,228323295
2022-08-10,Novavax,9766
2022-08-10,Pfizer/BioNTech,358354212
2022-08-17,Johnson&Johnson,18856293
2022-08-17,Moderna,228793653
2022-08-17,Novavax,11990
2022-08-17,Pfizer/BioNTech,359289983
2022-08-24,Johnson&Johnson,18866547
2022-08-24,Moderna,229236868
2022-08-24,Novavax,14559
2022-08-24,Pfizer/BioNTech,360175884
2022-08-31,Johnson&Johnson,18875222
2022-08-31,Moderna,229584075
2022-08-31,Novavax,17965
2022-08-31,Pfizer/BioNTech,360882973
2022-09-07,Johnson&Johnson,18881650
2022-09-07,Moderna,229799922
2022-09-07,Novavax,20787
2022-09-07,Pfizer/BioNTech,361331600
2022-09-14,Johnson&Johnson,18888287
2022-09-14,Moderna,230689369
2022-09-14,Novavax,24125
2022-09-14,Pfizer/BioNTech,362521095
2022-09-21,Johnson&Johnson,18896040
2022-09-21,Moderna,231784237
2022-09-21,Novavax,27291
2022-09-21,Pfizer/BioNTech,364799403
2022-09-28,Johnson&Johnson,18902992
2022-09-28,Moderna,232943541
2022-09-28,Novavax,30261
2022-09-28,Pfizer/BioNTech,367217199
2022-10-05,Johnson&Johnson,18912044
2022-10-05,Moderna,234455510
2022-10-05,Novavax,32992
2022-10-05,Pfizer/BioNTech,370114511
2022-10-12,Johnson&Johnson,18916447
2022-10-12,Moderna,235757021
2022-10-12,Novavax,35302
2022-10-12,Pfizer/BioNTech,372455530
2022-10-19,Johnson&Johnson,18922385
2022-10-19,Moderna,237609069
2022-10-19,Novavax,38250
2022-10-19,Pfizer/BioNTech,375644351
2022-10-26,Johnson&Johnson,18927502
2022-10-26,Moderna,239091038
2022-10-26,Novavax,41044
2022-10-26,Pfizer/BioNTech,378114465
2022-11-02,Johnson&Johnson,18935979
2022-11-02,Moderna,240551585
2022-11-02,Novavax,43540
2022-11-02,Pfizer/BioNTech,380679852
2022-11-09,Moderna,242319609
2022-11-09,Novavax,50574
2022-11-09,Pfizer/BioNTech,384466981
2022-11-16,Moderna,243881608
2022-11-16,Novavax,54324
2022-11-16,Pfizer/BioNTech,387174835
2022-11-23,Moderna,244844785
2022-11-23,Novavax,59429
2022-11-23,Pfizer/BioNTech,388886817
2022-11-30,Johnson&Johnson,18939175
2022-11-30,Moderna,245508471
2022-11-30,Novavax,61387
2022-11-30,Pfizer/BioNTech,390012295
2022-12-07,Johnson&Johnson,18942387
2022-12-07,Moderna,246452917
2022-12-07,Novavax,63842
2022-12-07,Pfizer/BioNTech,391702142
2022-12-14,Johnson&Johnson,18946940
2022-12-14,Moderna,247343714
2022-12-14,Novavax,65971
2022-12-14,Pfizer/BioNTech,393271419
2022-12-21,Johnson&Johnson,18950258
2022-12-21,Moderna,247972525
2022-12-21,Novavax,67439
2022-12-21,Pfizer/BioNTech,394378363
2022-12-28,Johnson&Johnson,18952708
2022-12-28,Moderna,248567365
2022-12-28,Novavax,69062
2022-12-28,Pfizer/BioNTech,395452177
2023-01-04,Johnson&Johnson,18954913
2023-01-04,Moderna,248998772
2023-01-04,Novavax,70373
2023-01-04,Pfizer/BioNTech,396267682
2023-01-11,Johnson&Johnson,18956612
2023-01-11,Moderna,249495031
2023-01-11,Novavax,71979
2023-01-11,Pfizer/BioNTech,397196666
2023-01-18,Johnson&Johnson,18960250
2023-01-18,Moderna,249955722
2023-01-18,Novavax,73805
2023-01-18,Pfizer/BioNTech,398027738
2023-01-25,Johnson&Johnson,18963745
2023-01-25,Moderna,250310595
2023-01-25,Novavax,75156
2023-01-25,Pfizer/BioNTech,398659220
2023-02-01,Johnson&Johnson,18967308
2023-02-01,Moderna,250581571
2023-02-01,Novavax,76430
2023-02-01,Pfizer/BioNTech,399164649
2023-02-08,Johnson&Johnson,18971123
2023-02-08,Moderna,250820655
2023-02-08,Novavax,77551
2023-02-08,Pfizer/BioNTech,399620284
2023-02-15,Johnson&Johnson,18976061
2023-02-15,Moderna,251049942
2023-02-15,Novavax,78683
2023-02-15,Pfizer/BioNTech,400059167
2023-02-22,Johnson&Johnson,18979373
2023-02-22,Moderna,251252512
2023-02-22,Novavax,79668
2023-02-22,Pfizer/BioNTech,400441248
2023-03-01,Johnson&Johnson,18982882
2023-03-01,Moderna,251412884
2023-03-01,Novavax,80696
2023-03-01,Pfizer/BioNTech,400765648
2023-03-08,Johnson&Johnson,18985124
2023-03-08,Moderna,251560771
2023-03-08,Novavax,81544
2023-03-08,Pfizer/BioNTech,401070068
2023-03-15,Johnson&Johnson,18988134
2023-03-15,Moderna,251710825
2023-03-15,Novavax,82328
2023-03-15,Pfizer/BioNTech,401384330
2023-03-22,Johnson&Johnson,18991177
2023-03-22,Moderna,251852502
2023-03-22,Novavax,83047
2023-03-22,Pfizer/BioNTech,401685954
